<font>
  <info face="font" size="72" bold="0" italic="0" charset="" unicode="" stretchH="100" smooth="1" aa="1" padding="8,8,8,8" spacing="0,0" outline="0"/>
  <common lineHeight="75" base="59" scaleW="390" scaleH="511" pages="1" packed="0"/>
  <pages>
    <page id="0" file="font.png"/>
  </pages>
  <chars count="67">
    <char id="65" x="8" y="8" width="35" height="51" xoffset="4" yoffset="8" xadvance="42" page="0" chnl="15"/>
    <char id="66" x="8" y="67" width="35" height="51" xoffset="4" yoffset="8" xadvance="42" page="0" chnl="15"/>
    <char id="67" x="8" y="126" width="35" height="51" xoffset="4" yoffset="8" xadvance="42" page="0" chnl="15"/>
    <char id="68" x="8" y="185" width="35" height="51" xoffset="4" yoffset="8" xadvance="42" page="0" chnl="15"/>
    <char id="69" x="8" y="244" width="35" height="51" xoffset="4" yoffset="8" xadvance="42" page="0" chnl="15"/>
    <char id="70" x="8" y="303" width="35" height="51" xoffset="4" yoffset="8" xadvance="42" page="0" chnl="15"/>
    <char id="71" x="8" y="362" width="35" height="51" xoffset="4" yoffset="8" xadvance="42" page="0" chnl="15"/>
    <char id="72" x="8" y="421" width="35" height="51" xoffset="4" yoffset="8" xadvance="42" page="0" chnl="15"/>
    <char id="73" x="51" y="8" width="10" height="51" xoffset="4" yoffset="8" xadvance="17" page="0" chnl="15"/>
    <char id="74" x="51" y="67" width="35" height="51" xoffset="4" yoffset="8" xadvance="42" page="0" chnl="15"/>
    <char id="75" x="69" y="8" width="35" height="51" xoffset="4" yoffset="8" xadvance="42" page="0" chnl="15"/>
    <char id="76" x="51" y="126" width="35" height="51" xoffset="4" yoffset="8" xadvance="42" page="0" chnl="15"/>
    <char id="77" x="51" y="185" width="39" height="51" xoffset="4" yoffset="8" xadvance="46" page="0" chnl="15"/>
    <char id="78" x="94" y="67" width="35" height="51" xoffset="4" yoffset="8" xadvance="42" page="0" chnl="15"/>
    <char id="79" x="112" y="8" width="35" height="51" xoffset="4" yoffset="8" xadvance="42" page="0" chnl="15"/>
    <char id="80" x="94" y="126" width="35" height="51" xoffset="4" yoffset="8" xadvance="42" page="0" chnl="15"/>
    <char id="81" x="51" y="244" width="35" height="59" xoffset="4" yoffset="8" xadvance="42" page="0" chnl="15"/>
    <char id="82" x="51" y="311" width="35" height="51" xoffset="4" yoffset="8" xadvance="42" page="0" chnl="15"/>
    <char id="83" x="51" y="370" width="35" height="51" xoffset="4" yoffset="8" xadvance="42" page="0" chnl="15"/>
    <char id="84" x="51" y="429" width="35" height="51" xoffset="4" yoffset="8" xadvance="42" page="0" chnl="15"/>
    <char id="85" x="94" y="244" width="35" height="51" xoffset="4" yoffset="8" xadvance="42" page="0" chnl="15"/>
    <char id="86" x="98" y="185" width="35" height="51" xoffset="4" yoffset="8" xadvance="42" page="0" chnl="15"/>
    <char id="87" x="137" y="67" width="50" height="51" xoffset="4" yoffset="8" xadvance="56" page="0" chnl="15"/>
    <char id="88" x="155" y="8" width="35" height="51" xoffset="4" yoffset="8" xadvance="42" page="0" chnl="15"/>
    <char id="89" x="137" y="126" width="35" height="51" xoffset="4" yoffset="8" xadvance="42" page="0" chnl="15"/>
    <char id="90" x="94" y="303" width="35" height="51" xoffset="4" yoffset="8" xadvance="42" page="0" chnl="15"/>
    <char id="33" x="94" y="362" width="10" height="51" xoffset="4" yoffset="8" xadvance="17" page="0" chnl="15"/>
    <char id="8470" x="94" y="421" width="93" height="51" xoffset="4" yoffset="8" xadvance="100" page="0" chnl="15"/>
    <char id="59" x="112" y="362" width="10" height="42" xoffset="4" yoffset="26" xadvance="17" page="0" chnl="15"/>
    <char id="37" x="130" y="362" width="48" height="51" xoffset="4" yoffset="8" xadvance="55" page="0" chnl="15"/>
    <char id="58" x="137" y="244" width="10" height="33" xoffset="4" yoffset="26" xadvance="17" page="0" chnl="15"/>
    <char id="63" x="141" y="185" width="35" height="51" xoffset="4" yoffset="8" xadvance="42" page="0" chnl="15"/>
    <char id="42" x="8" y="488" width="14" height="14" xoffset="4" yoffset="8" xadvance="20" page="0" chnl="15"/>
    <char id="40" x="180" y="126" width="15" height="51" xoffset="4" yoffset="8" xadvance="22" page="0" chnl="15"/>
    <char id="41" x="195" y="67" width="15" height="51" xoffset="4" yoffset="8" xadvance="22" page="0" chnl="15"/>
    <char id="95" x="30" y="488" width="33" height="5" xoffset="4" yoffset="58" xadvance="40" page="0" chnl="15"/>
    <char id="43" x="198" y="8" width="25" height="25" xoffset="4" yoffset="21" xadvance="32" page="0" chnl="15"/>
    <char id="45" x="71" y="488" width="19" height="9" xoffset="4" yoffset="29" xadvance="25" page="0" chnl="15"/>
    <char id="60" x="137" y="285" width="25" height="35" xoffset="4" yoffset="13" xadvance="32" page="0" chnl="15"/>
    <char id="62" x="170" y="244" width="25" height="35" xoffset="4" yoffset="13" xadvance="32" page="0" chnl="15"/>
    <char id="8211" x="198" y="41" width="35" height="9" xoffset="4" yoffset="29" xadvance="41" page="0" chnl="15"/>
    <char id="61" x="98" y="480" width="25" height="23" xoffset="4" yoffset="19" xadvance="32" page="0" chnl="15"/>
    <char id="46" x="131" y="480" width="10" height="9" xoffset="4" yoffset="49" xadvance="17" page="0" chnl="15"/>
    <char id="44" x="149" y="480" width="10" height="18" xoffset="4" yoffset="49" xadvance="17" page="0" chnl="15"/>
    <char id="47" x="184" y="185" width="28" height="51" xoffset="4" yoffset="8" xadvance="34" page="0" chnl="15"/>
    <char id="124" x="170" y="287" width="5" height="64" xoffset="4" yoffset="0" xadvance="12" page="0" chnl="15"/>
    <char id="34" x="137" y="328" width="18" height="14" xoffset="4" yoffset="8" xadvance="25" page="0" chnl="15"/>
    <char id="39" x="155" y="244" width="7" height="14" xoffset="4" yoffset="8" xadvance="14" page="0" chnl="15"/>
    <char id="64" x="203" y="126" width="35" height="51" xoffset="4" yoffset="8" xadvance="42" page="0" chnl="15"/>
    <char id="35" x="218" y="58" width="35" height="51" xoffset="4" yoffset="8" xadvance="42" page="0" chnl="15"/>
    <char id="36" x="183" y="287" width="35" height="62" xoffset="4" yoffset="3" xadvance="42" page="0" chnl="15"/>
    <char id="94" x="231" y="8" width="35" height="25" xoffset="4" yoffset="8" xadvance="42" page="0" chnl="15"/>
    <char id="38" x="186" y="357" width="35" height="51" xoffset="4" yoffset="8" xadvance="42" page="0" chnl="15"/>
    <char id="123" x="195" y="416" width="19" height="51" xoffset="4" yoffset="8" xadvance="25" page="0" chnl="15"/>
    <char id="125" x="222" y="416" width="19" height="51" xoffset="4" yoffset="8" xadvance="25" page="0" chnl="15"/>
    <char id="91" x="220" y="185" width="15" height="51" xoffset="4" yoffset="8" xadvance="22" page="0" chnl="15"/>
    <char id="93" x="226" y="244" width="15" height="51" xoffset="4" yoffset="8" xadvance="22" page="0" chnl="15"/>
    <char id="48" x="243" y="185" width="35" height="51" xoffset="4" yoffset="8" xadvance="42" page="0" chnl="15"/>
    <char id="49" x="246" y="117" width="10" height="51" xoffset="4" yoffset="8" xadvance="17" page="0" chnl="15"/>
    <char id="50" x="261" y="41" width="35" height="51" xoffset="4" yoffset="8" xadvance="42" page="0" chnl="15"/>
    <char id="51" x="264" y="100" width="35" height="51" xoffset="4" yoffset="8" xadvance="42" page="0" chnl="15"/>
    <char id="52" x="304" y="8" width="35" height="51" xoffset="4" yoffset="8" xadvance="42" page="0" chnl="15"/>
    <char id="53" x="229" y="303" width="35" height="51" xoffset="4" yoffset="8" xadvance="42" page="0" chnl="15"/>
    <char id="54" x="249" y="244" width="35" height="51" xoffset="4" yoffset="8" xadvance="42" page="0" chnl="15"/>
    <char id="55" x="286" y="159" width="35" height="51" xoffset="4" yoffset="8" xadvance="42" page="0" chnl="15"/>
    <char id="56" x="307" y="67" width="35" height="51" xoffset="4" yoffset="8" xadvance="42" page="0" chnl="15"/>
    <char id="57" x="347" y="8" width="35" height="51" xoffset="4" yoffset="8" xadvance="42" page="0" chnl="15"/>
    <char id="32" x="0" y="0" width="0" height="0" xoffset="4" yoffset="8" xadvance="18" page="0" chnl="15"/>
  </chars>
  <kernings count="22">
    <kerning first="70" second="44" amount="-19"/>
    <kerning first="70" second="46" amount="-19"/>
    <kerning first="76" second="84" amount="-8"/>
    <kerning first="76" second="86" amount="-5"/>
    <kerning first="76" second="87" amount="-3"/>
    <kerning first="76" second="89" amount="-7"/>
    <kerning first="80" second="44" amount="-19"/>
    <kerning first="80" second="46" amount="-19"/>
    <kerning first="84" second="44" amount="-6"/>
    <kerning first="84" second="45" amount="-6"/>
    <kerning first="84" second="46" amount="-6"/>
    <kerning first="84" second="58" amount="-6"/>
    <kerning first="84" second="59" amount="-6"/>
    <kerning first="86" second="44" amount="-3"/>
    <kerning first="86" second="46" amount="-3"/>
    <kerning first="87" second="44" amount="-2"/>
    <kerning first="87" second="46" amount="-2"/>
    <kerning first="89" second="44" amount="-7"/>
    <kerning first="89" second="45" amount="-5"/>
    <kerning first="89" second="46" amount="-7"/>
    <kerning first="89" second="58" amount="-4"/>
    <kerning first="89" second="59" amount="-4"/>
  </kernings>
</font>